qaid,,"Qaid (Arabic: ÙØ§Ø¦Ø¯â qÄÊ¾id, ""commander""; pl. quwwÄd), also spelled kaid or caÃ¯d, is a word meaning ""master"" or ""leader."" It was a title in the Norman kingdom of Sicily, applied to palatine officials and members of the curia, usually to those who were Muslims or converts from Islam."
qaids,,"Qaids is worth 15 points in Scrabble, and 15 points in Words with Friends. There are 5 letters in qaids: A D I Q S."
qed,,"Q.E.D. is an initialism of the Latin phrase quod erat demonstrandum, originating from the Ancient Greek analogous hÃ³per Ã©dei deÃ®xai (á½ÏÎµÏ á¼Î´ÎµÎ¹ Î´Îµá¿Î¾Î±Î¹), meaning ""which had to be proven""."
qiana,,"Qiana is a silky nylon fiber developed in 1962 at the DuPont Experimental Station by Stanley Brooke Speck. The fiber was christened Qiana when introduced by DuPont in 1968. Initially intended for high-end fashions, it became a popular material in the 1970s for faux-silk men's shirts, displaying bold patterns."
qindars,,Definition of QINDAR. â see lek at money table.
qintars,noun,"a monetary unit of Albania, equal to one hundredth of a lek."
qoph,,"Qoph or Qop is the nineteenth letter of the Semitic abjads, including Phoenician QÅp , Hebrew Qof ×§, Aramaic Qop , Syriac QÅpÌ Ü©, and Arabic QÄf Ù (in abjadi order). Its sound value is an emphatic [kË¤] or [q]. In Hebrew gematria, it has the numerical value of 100. The origin of qoph is uncertain."
qophs,,Definition of QOPH. : the 19th letter of the Hebrew alphabet â see alphabet table.
qty,,"Qty is defined as an abbreviation for ""quantity"" and means the number or amount of something. When you want to order three reams of paper, this is an example of where you would write on the order sheet ""Qty: 3."""
qts,,"Qualified teacher status (QTS) is required in England and Wales to work as a teacher of children in state schools under local authority control, and in special education schools. A similar status exists under a different name in Scotland and Northern Ireland."
qua,conjunction,in the capacity of; as being.
quaalude,noun,another term for methaqualone.
quaaludes,noun,another term for methaqualone.
quack,noun,the characteristic harsh sound made by a duck.
quacked,verb,(of a duck) make a quack.
quackery,,"Quackery is the promotion of fraudulent or ignorant medical practices. A ""quack"" is a ""fraudulent or ignorant pretender to medical skill"" or ""a person who pretends, professionally or publicly, to have skill, knowledge, or qualifications he or she does not possess; a charlatan""."
quackeries,,"Quackery is the promotion of fraudulent or ignorant medical practices. A ""quack"" is a ""fraudulent or ignorant pretender to medical skill"" or ""a person who pretends, professionally or publicly, to have skill, knowledge, or qualifications he or she does not possess; a charlatan""."
quacky,,"quacky. Adjective. (comparative quackier, superlative quackiest) (of a voice or sound) That resembles the quack of a duck. Fraudulent; characterised by or using the methods of quackery."
quackier,,Quaker definition. A member of the Religious Society of Friends. The Quakers are a group of Christians who use no scripture and believe in great simplicity in daily life and in worship. Their services consist mainly of silent meditation.
quacking,verb,(of a duck) make a quack.
quacks,noun,the characteristic harsh sound made by a duck.
quadrangular,adjective,(of an object or architectural structure) having four sides.
quadrant,noun,each of four quarters of a circle.
quadrantal,,"Quadrantal Angle. An angle with terminal side on the x-axis or y-axis. That is, the angles 0Â°, 90Â°, 180Â°, 270Â°, 360Â°, 450Â°, ... as well as â90Â°, â180Â°, â270Â°, â360Â°, ... See also."
quadrants,noun,each of four quarters of a circle.
quadraphonic,adjective,(of sound reproduction) transmitted through four channels.
quadrat,noun,"each of a number of small areas of habitat, typically of one square metre, selected at random to act as samples for assessing the local distribution of plants or animals."
quadrates,noun,"any of several roughly square or rectangular muscles, e.g. in the abdomen, thigh, and eye socket."
quadratic,adjective,involving the second and no higher power of an unknown quantity or variable.
quadratics,noun,a quadratic equation.
quadrennial,adjective,recurring every four years.
quadrennials,adjective,recurring every four years.
quadrennium,noun,a specified period of four years.
quadrenniums,noun,a specified period of four years.
quadric,adjective,(of a surface or curve) described by an equation of the second degree.
quadricentennial,,Definition of QUADRICENTENNIAL. : a 400th anniversary or its celebration.
quadricentennials,,Definition of QUADRICENTENNIAL. : a 400th anniversary or its celebration.
quadriceps,noun,"the large muscle at the front of the thigh, which is divided into four distinct portions and acts to extend the leg."
quadrics,noun,a quadric surface or curve.
quadrilateral,noun,a four-sided figure.
quadrilaterals,noun,a four-sided figure.
quadrille,noun,"a square dance performed typically by four couples and containing five figures, each of which is a complete dance in itself."
quadrilles,noun,"a square dance performed typically by four couples and containing five figures, each of which is a complete dance in itself."
quadrillion,number,a thousand raised to the power of five (1015).
quadrillions,number,a thousand raised to the power of five (1015).
quadrillionth,,"noun, plural quadrillions (as after a numeral) quadrillion. a cardinal number represented in the U.S. by 1 followed by 15 zeros, and in Great Britain by 1 followed by 24 zeros. adjective. amounting to one quadrillion in number. Origin of quadrillion Expand."
quadripartite,adjective,consisting of four parts.
quadriplegia,noun,paralysis of all four limbs; tetraplegia.
quadriplegic,,"Quadriplegia is paralysis caused by illness or injury to a human that results in the partial or total loss of use of all their limbs and torso; Paraplegia is similar but does not affect the arms. The loss is usually sensory and motor, which means both sensation and control are lost."
quadrivium,noun,"a medieval university course involving the âmathematical artsâ of arithmetic, geometry, astronomy, and music."
quadroon,noun,a person who is one-quarter black by descent.
quadroons,noun,a person who is one-quarter black by descent.
quadrumvirate,noun,a group of four powerful or notable people.
quadruped,noun,"an animal which has four feet, especially an ungulate mammal."
quadrupedal,,Full Definition of QUADRUPED. : an animal having four feet. â quadruped adjective.
quadrupeds,noun,"an animal which has four feet, especially an ungulate mammal."
quadruple,adjective,consisting of four parts or elements.
quadrupled,verb,increase or be increased fourfold.
quadruples,verb,increase or be increased fourfold.
quadruplet,noun,each of four children born at one birth.
quadruplets,noun,each of four children born at one birth.
quadruplicate,adjective,consisting of four parts or elements.
quadruplicated,adjective,consisting of four parts or elements.
quadruplicates,verb,multiply (something) by four.
quadruplicating,adjective,consisting of four parts or elements.
quadruplication,,Definition of QUADRUPLICATE. 1. : consisting of or existing in four corresponding or identical parts or examples <quadruplicate invoices> 2. : being the fourth of four things exactly alike.
quadrupling,verb,increase or be increased fourfold.
quaestor,noun,(in ancient Rome) any of a number of officials who had charge of public revenue and expenditure.
quaestuary,adjective,concerned with profit; moneymaking.
quaff,verb,"drink (something, especially an alcoholic drink) heartily."
quaff,noun,an alcoholic drink.
quaffed,verb,"drink (something, especially an alcoholic drink) heartily."
quaffing,verb,"drink (something, especially an alcoholic drink) heartily."
quaffs,verb,"drink (something, especially an alcoholic drink) heartily."
quaffs,noun,an alcoholic drink.
quag,noun,a marshy or boggy place.
quagga,noun,"a South African zebra, extinct since 1883, that had a yellowish-brown coat with darker stripes."
quaggas,noun,"a South African zebra, extinct since 1883, that had a yellowish-brown coat with darker stripes."
quagmire,noun,a soft boggy area of land that gives way underfoot.
quagmires,noun,a soft boggy area of land that gives way underfoot.
quagmiry,noun,a soft boggy area of land that gives way underfoot.
quags,noun,a marshy or boggy place.
quahaug,noun,"a large, rounded edible clam of the Atlantic coast of North America."
quahaugs,noun,"a large, rounded edible clam of the Atlantic coast of North America."
quahog,noun,"a large, rounded edible clam of the Atlantic coast of North America."
quahogs,noun,"a large, rounded edible clam of the Atlantic coast of North America."
quai,,"quai. n. 1870, ""public path beside a waterway,"" from French quai (12c., see quay). Often short for Quai d'Orsay, the street on the south bank of the Seine in Paris, since mid-19c. site of the French Ministry of Foreign Affairs and hence sometimes used metonymically for it (1922)."
quay,noun,a stone or metal platform lying alongside or projecting into water for loading and unloading ships.
quayage,,Definition of QUAYAGE. 1. : a charge for use of a quay. : room on or for quays.
quayages,,Definition of QUAYAGE. 1. : a charge for use of a quay. : room on or for quays.
quail,noun,"a small short-tailed Old World game bird resembling a tiny partridge, typically having brown camouflaged plumage."
quailed,verb,feel or show fear or apprehension.
quailing,verb,feel or show fear or apprehension.
quails,noun,"a small short-tailed Old World game bird resembling a tiny partridge, typically having brown camouflaged plumage."
quaint,adjective,attractively unusual or old-fashioned.
quainter,adjective,attractively unusual or old-fashioned.
quaintest,adjective,attractively unusual or old-fashioned.
quaintly,,"having an old-fashioned attractiveness or charm; oddly picturesque: a quaint old house. strange, peculiar, or unusual in an interesting, pleasing, or amusing way: a quaint sense of humor."
quaintness,,having an old-fashioned charm; oddly picturesque: a quaint old house. 2. peculiar or unusual in an interesting or amusing way: a quaint sense of humor.
quays,noun,a stone or metal platform lying alongside or projecting into water for loading and unloading ships.
quayside,noun,a quay and the area around it.
quaysides,noun,a quay and the area around it.
quake,verb,(especially of the earth) shake or tremble.
quake,noun,an earthquake.
quaked,verb,(especially of the earth) shake or tremble.
quaker,noun,"a member of the Religious Society of Friends, a Christian movement founded by George Fox circa  1650 and devoted to peaceful principles. Central to the Quakers' belief is the doctrine of the âInner Lightâ, or sense of Christ's direct working in the soul. This has led them to reject both formal ministry and all set forms of worship."
quaker,noun,"a member of the Religious Society of Friends, a Christian movement founded by George Fox circa  1650 and devoted to peaceful principles. Central to the Quakers' belief is the doctrine of the âInner Lightâ, or sense of Christ's direct working in the soul. This has led them to reject both formal ministry and all set forms of worship."
quakerism,,Quaker definition. A member of the Religious Society of Friends. The Quakers are a group of Christians who use no scripture and believe in great simplicity in daily life and in worship. Their services consist mainly of silent meditation.
quakers,noun,"a member of the Religious Society of Friends, a Christian movement founded by George Fox circa  1650 and devoted to peaceful principles. Central to the Quakers' belief is the doctrine of the âInner Lightâ, or sense of Christ's direct working in the soul. This has led them to reject both formal ministry and all set forms of worship."
quakes,verb,(especially of the earth) shake or tremble.
quakes,noun,an earthquake.
quaky,,"Definition of QUAKY. : quaking, shaky, tremulous."
quakier,noun,"a member of the Religious Society of Friends, a Christian movement founded by George Fox circa  1650 and devoted to peaceful principles. Central to the Quakers' belief is the doctrine of the âInner Lightâ, or sense of Christ's direct working in the soul. This has led them to reject both formal ministry and all set forms of worship."
quaking,verb,(especially of the earth) shake or tremble.
quakingly,verb,(especially of the earth) shake or tremble.
qualify,verb,be entitled to a particular benefit or privilege by fulfilling a necessary condition.
qualify,verb,"become officially recognized as a practitioner of a particular profession or activity, typically by undertaking a course and passing examinations."
qualify,verb,make (a statement or assertion) less absolute; add reservations to.
qualification,noun,"a pass of an examination or an official completion of a course, especially one conferring status as a recognized practitioner of a profession or activity."
qualification,noun,a condition that must be fulfilled before a right can be acquired; an official requirement.
qualification,noun,the action or fact of qualifying or being eligible for something.
qualification,noun,a statement or assertion that makes another less absolute.
qualifications,noun,"a pass of an examination or an official completion of a course, especially one conferring status as a recognized practitioner of a profession or activity."
qualifications,noun,a condition that must be fulfilled before a right can be acquired; an official requirement.
qualified,adjective,officially recognized as being trained to perform a particular job; certified.
qualified,adjective,not complete or absolute; limited.
qualified,verb,be entitled to a particular benefit or privilege by fulfilling a necessary condition.
qualified,verb,"become officially recognized as a practitioner of a particular profession or activity, typically by undertaking a course and passing examinations."
qualified,verb,make (a statement or assertion) less absolute; add reservations to.
qualifiedly,,Full Definition of QUALIFIED. 1. a : fitted (as by training or experience) for a given purpose : competent. b : having complied with the specific requirements or precedent conditions (as for an office or employment) : eligible. : limited or modified in some way <qualified approval>
qualifier,noun,a person or team that qualifies for a competition or its final rounds.
qualifiers,noun,a person or team that qualifies for a competition or its final rounds.
qualifies,verb,"become officially recognized as a practitioner of a particular profession or activity, typically by undertaking a course and passing examinations."
qualifies,verb,make (a statement or assertion) less absolute; add reservations to.
qualifies,verb,be entitled to a particular benefit or privilege by fulfilling a necessary condition.
qualifying,verb,be entitled to a particular benefit or privilege by fulfilling a necessary condition.
qualifying,verb,"become officially recognized as a practitioner of a particular profession or activity, typically by undertaking a course and passing examinations."
qualifying,verb,make (a statement or assertion) less absolute; add reservations to.
qualitative,adjective,"relating to, measuring, or measured by the quality of something rather than its quantity."
qualitatively,,"Full Definition of QUALITATIVE. : of, relating to, or involving quality or kind. â qualÂ·iÂ·taÂ·tiveÂ·ly adverb. See qualitative defined for English-language learners."
quality,noun,the standard of something as measured against other things of a similar kind; the degree of excellence of something.
quality,noun,a distinctive attribute or characteristic possessed by someone or something.
quality,adjective,of good quality; excellent.
qualities,noun,the standard of something as measured against other things of a similar kind; the degree of excellence of something.
qualities,noun,a distinctive attribute or characteristic possessed by someone or something.
qualm,noun,"an uneasy feeling of doubt, worry, or fear, especially about one's own conduct; a misgiving."
qualmy,,: a sudden access of usually disturbing emotion (as doubt or fear) 3. : a feeling of uneasiness about a point especially of conscience or propriety. â qualmy adjective. See qualm defined for English-language learners Â»
qualmier,,"Qualmier is worth 19 points in Scrabble, and 22 points in Words with Friends. There are 8 letters in qualmier: A E I L M Q R U."
qualmish,,"Definition of QUALMISH. 1. a : feeling qualms : nauseated. b : overly scrupulous : squeamish. : of, relating to, or producing qualms."
qualmishly,,"Definition of QUALMISH. 1. a : feeling qualms : nauseated. b : overly scrupulous : squeamish. : of, relating to, or producing qualms."
qualmishness,,"Definition of QUALMISH. 1. a : feeling qualms : nauseated. b : overly scrupulous : squeamish. : of, relating to, or producing qualms."
qualms,noun,"an uneasy feeling of doubt, worry, or fear, especially about one's own conduct; a misgiving."
quam,,Definition of QUAM DIU. : so long as; specifically : during good behavior âusually used of the tenure of a judge.
quandary,noun,a state of perplexity or uncertainty over what to do in a difficult situation.
quandaries,noun,a state of perplexity or uncertainty over what to do in a difficult situation.
quango,noun,"a semi-public administrative body outside the civil service but receiving financial support from the government, which makes senior appointments to it."
quant,noun,short for quantitative analyst.
quantal,adjective,composed of discrete units; varying in steps rather than continuously.
quanted,,Definition of QUANT. : an expert at analyzing and managing quantitative data.
quantic,noun,a homogeneous function of two or more variables having rational or integral coefficients.
quantify,verb,express or measure the quantity of.
quantified,verb,express or measure the quantity of.
quantifies,verb,express or measure the quantity of.
quantifying,verb,express or measure the quantity of.
quantimeter,,Definition of QUANTIMETER. : a device that is used to measure the quantity of X rays.
quantitative,adjective,"relating to, measuring, or measured by the quantity of something rather than its quality."
quantitatively,,"Full Definition of QUANTITATIVE. 1. : of, relating to, or expressible in terms of quantity. 2. : of, relating to, or involving the measurement of quantity or amount."
quantity,noun,the amount or number of a material or abstract thing not usually estimated by spatial measurement.
quantities,noun,the amount or number of a material or abstract thing not usually estimated by spatial measurement.
quants,noun,short for quantitative analyst.
quantum,noun,"a required or allowed amount, especially an amount of money legally payable in damages."
quarantine,noun,"a state, period, or place of isolation in which people or animals that have arrived from elsewhere or been exposed to infectious or contagious disease are placed."
quarantined,verb,put (a person or animal) in quarantine.
quarantines,noun,"a state, period, or place of isolation in which people or animals that have arrived from elsewhere or been exposed to infectious or contagious disease are placed."
quarantining,verb,put (a person or animal) in quarantine.
quark,noun,"any of a number of subatomic particles carrying a fractional electric charge, postulated as building blocks of the hadrons. Quarks have not been directly observed but theoretical predictions based on their existence have been confirmed experimentally."
quarks,noun,"any of a number of subatomic particles carrying a fractional electric charge, postulated as building blocks of the hadrons. Quarks have not been directly observed but theoretical predictions based on their existence have been confirmed experimentally."
quarrel,noun,"a short, heavy square-headed arrow or bolt used in a crossbow or arbalest."
quarrel,noun,an angry argument or disagreement.
quarrel,verb,have an angry argument or disagreement.
quarreled,verb,have an angry argument or disagreement.
quarreler,,"a person who takes part in a dispute quarreler in the family, she never dropped an argument, no matter how pointless> Synonyms arguer, argufier, bickerer, brawler, debater, disputer, fighter, quarreler (or quarreller), scrapper, squabbler, wrangler."
quarreling,verb,have an angry argument or disagreement.
quarrelled,verb,have an angry argument or disagreement.
quarrelling,verb,have an angry argument or disagreement.
quarrels,noun,"a short, heavy square-headed arrow or bolt used in a crossbow or arbalest."
quarrels,noun,an angry argument or disagreement.
quarrels,verb,have an angry argument or disagreement.
quarrelsome,adjective,given to or characterized by quarrelling.
quarry,noun,"a place, typically a large, deep pit, from which stone or other materials are or have been extracted."
quarried,verb,extract (stone or other materials) from a quarry.
quarrier,,Definition of QUARRIER. : a worker in a stone quarry.
quarriers,,Definition of QUARRIER. : a worker in a stone quarry.
quarries,noun,"a place, typically a large, deep pit, from which stone or other materials are or have been extracted."
quarrying,verb,extract (stone or other materials) from a quarry.
quarrymen,noun,a worker in a quarry.
quart,noun,"a unit of liquid capacity equal to a quarter of a gallon or two pints, equivalent in Britain to approximately 1.13 litres and in the US to approximately 0.94 litre."
quartan,adjective,denoting a mild form of malaria causing a fever that recurs every third day.
quarte,noun,"a unit of liquid capacity equal to a quarter of a gallon or two pints, equivalent in Britain to approximately 1.13 litres and in the US to approximately 0.94 litre."
quarter,noun,"one fourth of a pound weight (avoirdupois, equal to 4 ounces)."
quarter,noun,each of four equal or corresponding parts into which something is or can be divided.
quarter,noun,the haunches or hindquarters of a horse.
quarter,noun,a part of a town or city having a particular character or use.
quarter,noun,"the direction of one of the points of the compass, especially as a direction from which the wind blows."
quarter,noun,"rooms or lodgings, especially those allocated to people in military or domestic service."
quarter,noun,pity or mercy shown towards an enemy or opponent who is in one's power.
quarter,verb,divide into four equal or corresponding parts.
quarter,verb,be stationed or lodged in a specified place.
quarter,verb,range over or traverse (an area) in every direction.
quarterback,noun,a player stationed behind the centre who directs a team's offensive play.
quarterbacks,noun,a player stationed behind the centre who directs a team's offensive play.
quarterdeck,noun,"the part of a ship's upper deck near the stern, traditionally reserved for officers."
quarterdecks,noun,"the part of a ship's upper deck near the stern, traditionally reserved for officers."
quartered,verb,divide into four equal or corresponding parts.
quarterfinal,noun,a match or round of a knockout competition that precedes the semi-final.
quarterfinalist,,plural : a quarterfinal round. 2. : a quarterfinal match. â quarÂ·terÂ·fiÂ·nalÂ·ist \-nÉl-ist\ noun. See quarterfinal defined for English-language learners.
quarterly,adjective,"done, produced, or occurring once every quarter of a year."
quarterlies,noun,a magazine or journal that is published four times a year.
quartermaster,noun,"a regimental officer, usually commissioned from the ranks, responsible for administering barracks, laying out the camp, and looking after supplies."
quartermasters,noun,"a regimental officer, usually commissioned from the ranks, responsible for administering barracks, laying out the camp, and looking after supplies."
quarters,noun,each of four equal or corresponding parts into which something is or can be divided.
quarterstaff,noun,"a stout pole 6â8 feet long, formerly used as a weapon."
quarterstaves,,"A quarterstaff (plural quarterstaves), also short staff or simply staff is a traditional European pole weapon and a technique of stick fighting, which was especially prominent in England during the Early Modern period."
quartes,noun,"a unit of liquid capacity equal to a quarter of a gallon or two pints, equivalent in Britain to approximately 1.13 litres and in the US to approximately 0.94 litre."
quartet,noun,a group of four people playing music or singing together.
quartets,noun,a group of four people playing music or singing together.
quartic,adjective,involving the fourth and no higher power of an unknown quantity or variable.
quartics,noun,"a quartic equation, function, curve, or surface."
quartile,noun,each of four equal groups into which a population can be divided according to the distribution of values of a particular variable.
quartiles,noun,each of four equal groups into which a population can be divided according to the distribution of values of a particular variable.
quarto,noun,a size of book page resulting from folding each printed sheet into four leaves (eight pages).
quartos,noun,a size of book page resulting from folding each printed sheet into four leaves (eight pages).
quarts,noun,"a unit of liquid capacity equal to a quarter of a gallon or two pints, equivalent in Britain to approximately 1.13 litres and in the US to approximately 0.94 litre."
quartz,noun,"a hard mineral consisting of silica, found widely in igneous and metamorphic rocks and typically occurring as colourless or white hexagonal prisms. It is often coloured by impurities (as in amethyst, citrine, and cairngorm)."
quartzes,,"Quartz is the second most abundant mineral in the Earth's continental crust, after feldspar. Its crystal structure is a continuous framework of SiO4 siliconâoxygen tetrahedra, with each oxygen being shared between two tetrahedra, giving an overall chemical formula of SiO2."
quartzite,noun,"an extremely compact, hard, granular rock consisting essentially of quartz. It often occurs as silicified sandstone, as in sarsen stones."
quasar,noun,"a massive and extremely remote celestial object, emitting exceptionally large amounts of energy, which typically has a starlike image in a telescope. It has been suggested that quasars contain massive black holes and may represent a stage in the evolution of some galaxies."
quasars,noun,"a massive and extremely remote celestial object, emitting exceptionally large amounts of energy, which typically has a starlike image in a telescope. It has been suggested that quasars contain massive black holes and may represent a stage in the evolution of some galaxies."
quash,verb,"reject as invalid, especially by legal procedure."
quashed,verb,"reject as invalid, especially by legal procedure."
quashes,verb,"reject as invalid, especially by legal procedure."
quashing,verb,"reject as invalid, especially by legal procedure."
quasi,combining form,apparently but not really; seemingly.
quat,,"Noun. 1. quat - the leaves of the shrub Catha edulis which are chewed like tobacco or used to make tea; has the effect of a euphoric stimulant; ""in Yemen kat is used daily by 85% of adults"""
quaternary,adjective,fourth in order or rank; belonging to the fourth order.
quatorze,noun,"(in piquet) a set of four aces, kings, queens, jacks, or tens held in one hand."
quatorzes,noun,"(in piquet) a set of four aces, kings, queens, jacks, or tens held in one hand."
quatrain,noun,"a stanza of four lines, especially one having alternate rhymes."
quatrains,noun,"a stanza of four lines, especially one having alternate rhymes."
quatrefoil,noun,"an ornamental design of four lobes or leaves as used in architectural tracery, resembling a flower or clover leaf."
quatrefoils,noun,"an ornamental design of four lobes or leaves as used in architectural tracery, resembling a flower or clover leaf."
quaver,verb,"(of a person's voice) shake or tremble in speaking, typically through nervousness or emotion."
quaver,noun,a shake or tremble in a person's voice.
quavered,verb,"(of a person's voice) shake or tremble in speaking, typically through nervousness or emotion."
quavery,,"to shake tremulously; quiver or tremble: He stood there quavering with fear. to sound, speak, or sing tremulously: Her voice quavered a moment and then she regained control."
quavering,verb,"(of a person's voice) shake or tremble in speaking, typically through nervousness or emotion."
quavers,verb,"(of a person's voice) shake or tremble in speaking, typically through nervousness or emotion."
quavers,noun,a shake or tremble in a person's voice.
quean,noun,an impudent or badly behaved girl or woman.
queans,noun,an impudent or badly behaved girl or woman.
queasy,adjective,nauseous; feeling sick.
queasier,adjective,nauseous; feeling sick.
queasiest,adjective,nauseous; feeling sick.
queazy,adjective,nauseous; feeling sick.
queaziest,,Lacking a sense of security; anxious or apprehensive: The farmers were uneasy until it finally rained. 2. Affording no ease or reassurance: an uneasy calm. 3. a.
quebrada,noun,a mountain stream or ravine in South America.
queen,noun,"the female ruler of an independent state, especially one who inherits the position by right of birth."
queen,noun,"the most powerful chess piece that each player has, able to move in any direction along a rank, file, or diagonal on which it stands."
queened,verb,(of a woman) behave in an unpleasantly superior way towards (someone).
queening,verb,(of a woman) behave in an unpleasantly superior way towards (someone).
queenly,adjective,"resembling, fit for, or appropriate to a queen."
queenlier,adjective,"resembling, fit for, or appropriate to a queen."
queenliest,adjective,"resembling, fit for, or appropriate to a queen."
queenliness,,"Full Definition of QUEENLY. 1. : of, relating to, or befitting a queen. : having royal rank."
queens,noun,"the most powerful chess piece that each player has, able to move in any direction along a rank, file, or diagonal on which it stands."
queens,noun,"the female ruler of an independent state, especially one who inherits the position by right of birth."
queer,noun,a homosexual man.
queer,adjective,strange; odd.
queer,verb,"spoil or ruin (an agreement, event, or situation)."
queered,verb,"spoil or ruin (an agreement, event, or situation)."
queerer,adjective,strange; odd.
queerest,adjective,strange; odd.
queering,verb,"spoil or ruin (an agreement, event, or situation)."
queerness,,"Queer is an umbrella term for sexual and gender minorities that are not heterosexual or cisgender. Originally meaning strange or peculiar, queer came to be deployed pejoratively against those with same-sex desires or relationships in the late-19th century."
queers,noun,a homosexual man.
quey,,"Word Origin and History for quey Expand. n. ""young cow,"" Scottish and Northern English dialect, late 14c., from Old Norse kviga, apparently from ku ""cow"" (see cow (n.))."
queys,,"Queys is worth 17 points in Scrabble, and 17 points in Words with Friends. There are 5 letters in queys: E Q S U Y. Words that start with queys. Words that contain queys."
quell,verb,"put an end to (a rebellion or other disorder), typically by the use of force."
quelled,verb,"put an end to (a rebellion or other disorder), typically by the use of force."
quellers,verb,"put an end to (a rebellion or other disorder), typically by the use of force."
quelling,verb,"put an end to (a rebellion or other disorder), typically by the use of force."
quells,verb,"put an end to (a rebellion or other disorder), typically by the use of force."
quench,verb,"rapidly cool (red-hot metal or other material), especially in cold water or oil."
quench,verb,satisfy (one's thirst) by drinking.
quench,verb,extinguish (a fire).
quenchable,,"to slake, satisfy, or allay (thirst, desires, passion, etc.). to put out or extinguish (fire, flames, etc.)."
quenched,verb,"rapidly cool (red-hot metal or other material), especially in cold water or oil."
quenched,verb,satisfy (one's thirst) by drinking.
quenched,verb,extinguish (a fire).
quencher,,"quench. [kwench] /kwÉntÊ/ to slake, satisfy, or allay (thirst, desires, passion, etc.). to put out or extinguish (fire, flames, etc.). to cool suddenly by plunging into a liquid, as in tempering steel by immersion in water."
quenchers,,"quench. [kwench] /kwÉntÊ/ to slake, satisfy, or allay (thirst, desires, passion, etc.). to put out or extinguish (fire, flames, etc.). to cool suddenly by plunging into a liquid, as in tempering steel by immersion in water."
quenches,verb,"rapidly cool (red-hot metal or other material), especially in cold water or oil."
quenches,verb,extinguish (a fire).
quenches,verb,satisfy (one's thirst) by drinking.
quenching,verb,"rapidly cool (red-hot metal or other material), especially in cold water or oil."
quenching,verb,satisfy (one's thirst) by drinking.
quenching,verb,extinguish (a fire).
quenchless,,"incapable of being satisfied quenchless need to be entertained throughout the day> Synonyms inappeasable, inextinguishable, insatiate, quenchless, unappeasable, unquenchable, unslakable."
querencia,noun,the part of a bullring where the bull takes its stand.
query,noun,"a question, especially one expressing doubt or requesting information."
query,verb,"ask a question about something, especially in order to express one's doubts about it or to check its validity or accuracy."
queried,verb,"ask a question about something, especially in order to express one's doubts about it or to check its validity or accuracy."
querier,,"A notation, usually a question mark, calling attention to an item in order to question its validity or accuracy. tr.v. queÂ·ried, queÂ·ryÂ·ing, queÂ·ries. 1. To express doubt or uncertainty about; question: query someone's motives."
queriers,noun,"a question, especially one expressing doubt or requesting information."
queriers,verb,"ask a question about something, especially in order to express one's doubts about it or to check its validity or accuracy."
queries,noun,"a question, especially one expressing doubt or requesting information."
queries,verb,"ask a question about something, especially in order to express one's doubts about it or to check its validity or accuracy."
querying,verb,"ask a question about something, especially in order to express one's doubts about it or to check its validity or accuracy."
querist,noun,a person who asks questions; a questioner.
querists,noun,a person who asks questions; a questioner.
quern,noun,"a simple hand mill for grinding corn, typically consisting of two circular stones, the upper of which is rotated or rubbed to and fro on the lower one."
querns,noun,"a simple hand mill for grinding corn, typically consisting of two circular stones, the upper of which is rotated or rubbed to and fro on the lower one."
querulous,adjective,complaining in a rather petulant or whining manner.
querulously,,"Full Definition of QUERULOUS. 1. : habitually complaining. : fretful, whining <a querulous voice> â querÂ·uÂ·lousÂ·ly adverb."
querulousness,,"Full Definition of QUERULOUS. 1. : habitually complaining. : fretful, whining <a querulous voice> â querÂ·uÂ·lousÂ·ly adverb."
quest,noun,a long or arduous search for something.
quest,verb,search for something.
quested,verb,search for something.
quester,,"Late Middle English: from Old French queste (noun), quester (verb), based on Latin quaerere 'ask, seek'. See also inquest."
questers,,"quester. Variant of quest. noun. a seeking; hunt; pursuit. in medieval romance, a chivalric journey undertaken by a knight in order to procure or achieve a particular object or end."
questing,verb,search for something.
question,noun,a sentence worded or expressed so as to elicit information.
question,noun,a matter requiring resolution or discussion.
question,verb,"ask (someone) questions, especially in an official context."
questionability,,"adjective. of doubtful propriety, honesty, morality, respectability, etc.: questionable activities; in questionable taste. open to question or dispute; doubtful or uncertain: a statement of questionable accuracy."
questionable,adjective,doubtful as regards truth or validity.
questionably,,": attended by well-grounded suspicions of being immoral, crude, false, or unsound : dubious <questionable motives> â quesÂ·tionÂ·ableÂ·ness noun. â quesÂ·tionÂ·ably \-blÄ\ adverb. See questionable defined for English-language learners."
questionary,noun,"a set of printed or written questions with a choice of answers, devised for the purposes of a survey or statistical study."
questioned,verb,"ask (someone) questions, especially in an official context."
questioner,,"a person who is always ready to doubt or question the truth or existence of something questioner of the faith> Synonyms disbeliever, doubter, doubting Thomas, questioner, unbeliever."
questioners,,"a matter of some uncertainty or difficulty; problem (usually followed by of): It was simply a question of time. a subject of dispute or controversy. 5. a proposal to be debated or voted on, as in a meeting or a deliberative assembly."
questioning,verb,"ask (someone) questions, especially in an official context."
questionnaire,noun,"a set of printed or written questions with a choice of answers, devised for the purposes of a survey or statistical study."
questionnaires,noun,"a set of printed or written questions with a choice of answers, devised for the purposes of a survey or statistical study."
questions,verb,"ask (someone) questions, especially in an official context."
quests,noun,a long or arduous search for something.
quests,verb,search for something.
quetzal,noun,"a bird of the trogon family, with iridescent green plumage and typically red underparts, found in the forests of tropical America."
quetzals,noun,"a bird of the trogon family, with iridescent green plumage and typically red underparts, found in the forests of tropical America."
queuer,,"Queuer is worth 15 points in Scrabble, and 17 points in Words with Friends. There are 6 letters in queuer: E E Q R U U. Words that start with queuer. Words that contain queuer."
queuers,,"Queuers is worth 16 points in Scrabble, and 18 points in Words with Friends. There are 7 letters in queuers: E E Q R S U U. Words that start with queuers. Words that contain queuers."
quezals,,"Definition of QUETZAL. 1. : a Central American trogon (Pharomachrus mocinno) that has brilliant green plumage above, a red breast, and in the male long upper tail coverts. plural quetzales â see money table."
qui,,"Definition of QUI VIVE. : alert, lookout âused in the phrase on the qui vive."
quia,,"Quia timet (Latin pronunciation: [kwia timÉt], Latin for ""because he fears"") is an injunction to restrain wrongful acts which are threatened or imminent but have not yet commenced."
quibble,noun,a slight objection or criticism.
quibbled,noun,a slight objection or criticism.
quibblers,,"quibble. n. 1610s, ""a pun, a play on words,"" probably a diminutive of obsolete quib ""evasion of point at issue,"" based on an overuse of Latin quibus? in legal jargon, which supposedly gave it the association with trivial argument. Meaning ""equivocation, evasion of the point"" is attested from 1660s."
quibbles,noun,a slight objection or criticism.
quibbling,verb,argue or raise objections about a trivial matter.
quiche,noun,"a baked flan or tart with a savoury filling thickened with eggs, usually eaten cold."
quiches,noun,a member of a people inhabiting the western highlands of Guatemala.
quick,noun,the soft tender flesh below the growing part of a fingernail or toenail.
quick,adjective,"prompt to understand, think, or learn; intelligent."
quick,adverb,at a fast rate; quickly.
quick,adjective,moving fast or doing something in a short time.
quicken,verb,make or become faster or quicker.
quicken,verb,stimulate or become stimulated.
quickened,verb,make or become faster or quicker.
quickened,verb,stimulate or become stimulated.
quickening,verb,make or become faster or quicker.
quickening,verb,stimulate or become stimulated.
quickens,verb,make or become faster or quicker.
quickens,verb,stimulate or become stimulated.
quicker,adjective,"prompt to understand, think, or learn; intelligent."
quicker,adjective,moving fast or doing something in a short time.
quickest,adjective,moving fast or doing something in a short time.
quickest,adjective,"prompt to understand, think, or learn; intelligent."
quickie,noun,a rapidly consumed alcoholic drink.
quickies,noun,a rapidly consumed alcoholic drink.
quickly,adverb,at a fast speed; rapidly.
quicklime,noun,"a white caustic alkaline substance consisting of calcium oxide, which is obtained by heating limestone and which combines with water with the production of much heat."
quickness,,"a high rate of movement or performance quickness made him the football coach's top choice for receiver> Synonyms celerity, fastness, fleetness, haste, hurry, quickness, rapidity, rapidness, speediness, swiftness, velocity."
quicks,noun,the soft tender flesh below the growing part of a fingernail or toenail.
quicksand,noun,loose wet sand that yields easily to pressure and sucks in anything resting on or falling into it.
quickset,noun,"hedging, especially of hawthorn, grown from slips or cuttings."
quicksilver,noun,the liquid metal mercury.
quickstep,noun,a dance similar to a fast foxtrot.
quicksteps,noun,a dance similar to a fast foxtrot.
quid,noun,one pound sterling.
quidnunc,noun,an inquisitive and gossipy person.
quids,noun,a lump of tobacco for chewing.
quiescence,,: marked by inactivity or repose : tranquilly at rest. 2. : causing no trouble or symptoms <quiescent gallstones> â quiÂ·esÂ·centÂ·ly adverb. See quiescent defined for English-language learners.
quiescency,,: marked by inactivity or repose : tranquilly at rest. 2. : causing no trouble or symptoms <quiescent gallstones> â quiÂ·esÂ·centÂ·ly adverb. See quiescent defined for English-language learners.
quiescent,adjective,in a state or period of inactivity or dormancy.
quiet,adjective,making little or no noise.
quiet,adjective,"carried out discreetly, secretly, or with moderation."
quiet,noun,absence of noise or bustle; silence; calm.
quiet,verb,"make or become silent, calm, or still."
quieted,verb,"make or become silent, calm, or still."
quieten,verb,make or become quiet and calm.
quietened,verb,"make or become silent, calm, or still."
quietening,verb,make or become quiet and calm.
quietens,verb,make or become quiet and calm.
quieter,adjective,making little or no noise.
quieter,adjective,"carried out discreetly, secretly, or with moderation."
quieters,,"Quieters is worth 17 points in Scrabble, and 18 points in Words with Friends. There are 8 letters in quieters: E E I Q R S T U."
quietest,adjective,making little or no noise.
quietest,adjective,"carried out discreetly, secretly, or with moderation."
quieti,adjective,making little or no noise.
quieti,adjective,"carried out discreetly, secretly, or with moderation."
quieti,noun,absence of noise or bustle; silence; calm.
quieti,verb,"make or become silent, calm, or still."
quieting,verb,"make or become silent, calm, or still."
quietism,noun,(in the Christian faith) devotional contemplation and abandonment of the will as a form of religious mysticism.
quietisms,noun,(in the Christian faith) devotional contemplation and abandonment of the will as a form of religious mysticism.
quietist,,Definition of QUIETISM. 1. a : a system of religious mysticism teaching that perfection and spiritual peace are attained by annihilation of the will and passive absorption in contemplation of God and divine things.
quietists,,Definition of QUIETISM. 1. a : a system of religious mysticism teaching that perfection and spiritual peace are attained by annihilation of the will and passive absorption in contemplation of God and divine things.
quietly,adverb,in a quiet manner.
quietness,,"characterized by an absence or near absence of noise: a quiet street. characterized by an absence of turbulent motion or disturbance; peaceful, calm, or tranquil: a quiet glade, the sea is quiet tonight."
quiets,verb,"make or become silent, calm, or still."
quietude,noun,"a state of stillness, calmness, and quiet in a person or place."
quietudes,noun,"a state of stillness, calmness, and quiet in a person or place."
quietus,noun,"death or something that causes death, regarded as a release from life."
quietuses,noun,"death or something that causes death, regarded as a release from life."
quill,noun,any of the main wing or tail feathers of a bird.
quilled,verb,form (fabric) into small cylindrical folds.
quills,noun,any of the main wing or tail feathers of a bird.
quilt,verb,"join together (layers of fabric or padding) with lines of stitching to form a bed covering, a warm garment, or for decorative effect."
quilt,noun,"a warm bed covering made of padding enclosed between layers of fabric and kept in place by lines of stitching, typically applied in a decorative design."
quilting,noun,the making of quilts as a craft or leisure activity.
quim,noun,a woman's genitals.
quince,noun,"a hard, acid pear-shaped fruit used in preserves or as flavouring."
quinces,noun,"a hard, acid pear-shaped fruit used in preserves or as flavouring."
quincunx,noun,"an arrangement of five objects with four at the corners of a square or rectangle and the fifth at its centre, used for the five on a dice or playing card, and in planting trees."
quincunxes,noun,"an arrangement of five objects with four at the corners of a square or rectangle and the fifth at its centre, used for the five on a dice or playing card, and in planting trees."
quinella,noun,"a bet in which the first two places in a race must be predicted, but not necessarily in the correct order."
quinin,,"Quinine is a white crystalline alkaloid having antipyretic (fever-reducing), antimalarial, analgesic (painkilling), and anti-inflammatory properties and a bitter taste. Like its stereoisomer, quinidine, quinine has an antiarrhythmic effect."
quinine,noun,"a bitter crystalline compound present in cinchona bark, used as a tonic and formerly as an antimalarial drug."
quinines,,<b>Definition</b> of <b>QUININE</b> for Kids. : a bitter drug obtained from cinchona bark and used to treat malaria.
quinone,noun,"another term for 1,4-benzoquinone (see benzoquinone)."
quinquina,,"<b>Quinquina</b>, an aromatised wine, is a variety of apÃ©ritif wine. Traditionally quinquinas contain cinchona bark, which provides quinine. Quinine was used in treating malaria. Americano is considered either a subclass of <b>quinquina</b>, or a separate variety of apÃ©ritif."
quinsy,noun,"inflammation of the throat, especially an abscess in the region of the tonsils."
quinsies,,"Medical <b>Definition</b> of <b>QUINSY</b>. : an abscess in the connective tissue around a tonsil usually resulting from bacterial infection and often accompanied by fever, pain, and swellingâcalled also peritonsillar abscess."
quint,noun,"(in piquet) a sequence of five cards of the same suit. A run of ace, king, queen, jack, and ten is a <i>quint major</i> and one of jack, ten, nine, eight, and seven a <i>quint minor</i>."
quintain,noun,"a post set up as a mark in tilting with a lance, typically with a sandbag attached that would swing round and strike an unsuccessful tilter."
quintains,noun,"a post set up as a mark in tilting with a lance, typically with a sandbag attached that would swing round and strike an unsuccessful tilter."
quintal,noun,"a unit of weight equal to a hundredweight (112 lb) or, formerly, 100 lb."
quintals,noun,"a unit of weight equal to a hundredweight (112 lb) or, formerly, 100 lb."
quintan,,"<b>Quintan</b> or trench fever is a disease borne by body lice that was first recognized in the trenches of World War I, when it is estimated to have affected more than a million people in Russia and on the fronts in Europe."
quintar,,"<b>Quintar</b> is worth 16 points in Scrabble, and 18 points in Words with Friends. There are 7 letters in <b>quintar</b>: A I N Q R T U. Words that start with <b>quintar</b>. Words that contain <b>quintar</b>."
quintessence,noun,a refined essence or extract of a substance.
quintessence,noun,the most perfect or typical example of a quality or class.
quintessential,adjective,representing the most perfect or typical example of a quality or class.
quintet,noun,a group of five people playing music or singing together.
quintets,noun,a group of five people playing music or singing together.
quintette,noun,a group of five people playing music or singing together.
quintic,,"In other words, a <b>quintic</b> function is <b>defined</b> by a polynomial of degree five. If a is zero but one of the coefficients b, c, d, or e is non-zero, the function is classified as either a quartic function, cubic function, quadratic function or linear function."
quintillion,number,a thousand raised to the power of six (10<sup>18</sup>).
quintillions,number,a thousand raised to the power of six (10<sup>18</sup>).
quintin,,"<b>Quintin</b> is worth 16 points in Scrabble, and 19 points in Words with Friends. There are 7 letters in <b>quintin</b>: I I N N Q T U. Words that start with <b>quintin</b>. Words that contain <b>quintin</b>."
quints,noun,"(in piquet) a sequence of five cards of the same suit. A run of ace, king, queen, jack, and ten is a <i>quint major</i> and one of jack, ten, nine, eight, and seven a <i>quint minor</i>."
quintuple,adjective,consisting of five parts or things.
quintupled,verb,increase or cause to increase fivefold.
quintuples,noun,each of five children born at one birth.
quintuplet,noun,each of five children born at one birth.
quintuplets,noun,each of five children born at one birth.
quintuplicate,adjective,fivefold.
quintuplicated,adjective,fivefold.
quintuplicates,adjective,fivefold.
quintuplicating,adjective,fivefold.
quintupling,verb,increase or cause to increase fivefold.
quip,noun,a witty remark.
quip,verb,make a witty remark.
quipped,verb,make a witty remark.
quipping,verb,make a witty remark.
quips,noun,a witty remark.
quips,verb,make a witty remark.
quipster,,"<b>quipster</b>. noun. A person whose words or actions provoke or are intended to provoke amusement or laughter: clown, comedian, comic, farceur, funnyman, humorist, jester, joker, jokester, wag, wit, zany. Informal: card."
quipu,noun,"an ancient Inca device for recording information, consisting of variously coloured threads knotted in different ways."
quipus,noun,"an ancient Inca device for recording information, consisting of variously coloured threads knotted in different ways."
quire,noun,"four sheets of paper or parchment folded to form eight leaves, as in medieval manuscripts."
quired,,"<b>Quired</b> is another word for <b>quire</b> which is one twentieth of a ream of paper, 24 or 25 sheets."
quires,noun,"four sheets of paper or parchment folded to form eight leaves, as in medieval manuscripts."
quiring,,quire. <sup>1</sup>. (kwÄ«r) 1. A set of 24 or sometimes 25 sheets of paper of the same size and stock; one twentieth of a ream.
quirk,noun,a peculiar aspect of a person's character or behaviour.
quirk,verb,"(with reference to a person's mouth or eyebrow) move or twist suddenly, especially to express surprise or amusement."
quirked,verb,"(with reference to a person's mouth or eyebrow) move or twist suddenly, especially to express surprise or amusement."
quirky,adjective,having or characterized by peculiar or unexpected traits or aspects.
quirkier,adjective,having or characterized by peculiar or unexpected traits or aspects.
quirkiest,adjective,having or characterized by peculiar or unexpected traits or aspects.
quirkily,,"In this question, <b>quirky</b> is an adjective that means strikingly unconventional."
quirkiness,,"You could probably call her <b>quirky</b>, meaning she's unconventional and has a strange mix of traits that somehow end up being kind of interesting or charming. This informal all-purpose term can be used to describe anything that doesn't quite fit in."
quirking,verb,"(with reference to a person's mouth or eyebrow) move or twist suddenly, especially to express surprise or amusement."
quirks,noun,a peculiar aspect of a person's character or behaviour.
quirt,noun,a short-handled riding whip with a braided leather lash.
quirted,verb,hit with a quirt.
quirts,noun,a short-handled riding whip with a braided leather lash.
quisling,noun,a traitor who collaborates with an enemy force occupying their country.
quislings,noun,a traitor who collaborates with an enemy force occupying their country.
quit,verb,"leave (a place), usually permanently."
quit,adjective,rid of.
quit,noun,"used in names of various small songbirds found in the Caribbean area, e.g. <i>bananaquit</i>, <i>grassquit</i>."
quitclaim,noun,a formal renunciation or relinquishing of a claim.
quitclaimed,,"A <b>quitclaim</b> deed is a legal instrument which is used to transfer interest in real property. The entity transferring its interest is called the grantor, and when the <b>quitclaim</b> deed is properly completed and executed it transfers any interest the grantor has in the property to a recipient, called the grantee."
quitclaiming,,"A <b>quitclaim</b> deed is a legal instrument which is used to transfer interest in real property. The entity transferring its interest is called the grantor, and when the <b>quitclaim</b> deed is properly completed and executed it transfers any interest the grantor has in the property to a recipient, called the grantee."
quitclaims,noun,a formal renunciation or relinquishing of a claim.
quite,adverb,to the utmost or most absolute extent or degree; absolutely; completely.
quite,adverb,to a certain or fairly significant extent or degree; fairly.
quite,exclamation,expressing agreement with or understanding of a remark or statement.
quitrents,,<b>Definition</b> of <b>QUITRENT</b>. : a fixed rent payable to a feudal superior in commutation of services; specifically : a fixed rent due from a socage tenant.
quits,adjective,"(of two people) on even terms, especially because a debt or score has been settled."
quittance,noun,a release or discharge from a debt or obligation.
quittances,noun,a release or discharge from a debt or obligation.
quitted,verb,"leave (a place), usually permanently."
quitter,noun,a person who gives up easily or does not have the courage or determination to finish a task.
quitters,noun,a person who gives up easily or does not have the courage or determination to finish a task.
quitting,verb,"leave (a place), usually permanently."
quittors,,<b>Definition</b> of <b>QUITTOR</b>. : a purulent inflammation of the feet especially of horses and donkeys.
quiver,verb,tremble or shake with a slight rapid motion.
quiver,noun,"a slight trembling movement or sound, especially one caused by a sudden strong emotion."
quiver,noun,an archer's portable case for holding arrows.
quivered,verb,tremble or shake with a slight rapid motion.
quiverer,,Full <b>Definition</b> of <b>QUIVER</b>. intransitive verb. : to shake or move with a slight trembling motion. â quivÂ·erÂ·ingÂ·ly adverb.
quiverers,,"A quiver is a container for arrows, bolts, or darts. Quivers can be attached in various positions on an archer's body, the bow, or the ground, depending on the type of shooting and the archer's personal preference."
quiverful,noun,the amount of arrows a quiver can hold.
quivery,,"To tremble, as from cold or strong emotion. See Synonyms at shake. The act or motion of quivering. [Middle English quiveren, perhaps from <b>quiver</b>, nimble (from Old English cwifer-; see g<sup>w</sup>ei- in Indo-European roots).] quivâ²erÂ·ingÂ·ly adv."
quivering,verb,tremble or shake with a slight rapid motion.
quivers,verb,tremble or shake with a slight rapid motion.
quivers,noun,"a slight trembling movement or sound, especially one caused by a sudden strong emotion."
quivers,noun,an archer's portable case for holding arrows.
quixotes,adjective,extremely idealistic; unrealistic and impractical.
quixotic,adjective,extremely idealistic; unrealistic and impractical.
quiz,noun,"a test of knowledge, especially as a competition between individuals or teams as a form of entertainment."
quiz,verb,ask (someone) questions.
quiz,verb,look curiously or intently at (someone) through or as if through an eyeglass.
quizzed,verb,ask (someone) questions.
quizzed,verb,look curiously or intently at (someone) through or as if through an eyeglass.
quizzes,noun,"a test of knowledge, especially as a competition between individuals or teams as a form of entertainment."
quizzes,verb,ask (someone) questions.
quizzes,verb,look curiously or intently at (someone) through or as if through an eyeglass.
quizzical,adjective,(of a person's expression or behaviour) indicating mild or amused puzzlement.
quizzically,,"In this question, <b>quizzical</b> is an adjective that means playfully vexing, especially by ridicule. <b>Quizzical</b> usually means puzzled or questioning, though it can also mean confused, surprised, comical, or mocking."
quizzicalness,,"3. : expressive of puzzlement, curiosity, or disbelief <raised a <b>quizzical</b> eyebrow&gt; â quizÂ·ziÂ·calÂ·iÂ·ty \Ëkwi-zÉ-Ëka-lÉ-tÄ\ noun. â quizÂ·ziÂ·calÂ·ly \Ëkwi-zi-k(É-)lÄ\ adverb. See <b>quizzical defined</b> for English-language learners."
quizzing,verb,ask (someone) questions.
quizzing,verb,look curiously or intently at (someone) through or as if through an eyeglass.
quo,,"The existing order of things; present customs, practices, and power relations: âPeople with money are often content with the status <b>quo</b>.â From Latin, meaning âthe state in which.â The American HeritageÂ® New <b>Dictionary</b> of Cultural Literacy, Third Edition. Copyright Â© 2005 by Houghton Mifflin Company."
quod,noun,prison.
quods,,"<b>quod</b>. ""prison,"" c.1700, a cant slang word of unknown origin; perhaps a variant of quad in the ""building quadrangle"" sense. Slang definitions &amp; phrases for <b>quods</b> Expand."
quoin,noun,an external angle of a wall or building.
quoined,verb,provide (a wall) with quoins or corners.
quoins,noun,an external angle of a wall or building.
quoit,noun,"a ring of iron, rope, or rubber thrown in a game to encircle or land as near as possible to an upright peg."
quoited,verb,throw or propel like a quoit.
quoits,noun,"a ring of iron, rope, or rubber thrown in a game to encircle or land as near as possible to an upright peg."
quondam,adjective,that once was; former.
quonset,noun,a building made of corrugated metal and having a semicircular cross section.
quorum,noun,the minimum number of members of an assembly or society that must be present at any of its meetings to make the proceedings of that meeting valid.
quorums,noun,the minimum number of members of an assembly or society that must be present at any of its meetings to make the proceedings of that meeting valid.
quos,,"In this question, status <b>quo</b> is a noun that means the existing state of affairs. The status <b>quo</b> is the current state of things. If you are rich and admired, then you're probably not interested in disrupting the status <b>quo</b>. Status <b>quo</b> is Latin for existing state."
quota,noun,"a limited or fixed number or amount of people or things, in particular:"
quotable,adjective,suitable for or worth quoting.
quotably,adjective,suitable for or worth quoting.
quotas,noun,"a limited or fixed number or amount of people or things, in particular:"
quotation,noun,a group of words taken from a text or speech and repeated by someone other than the original author or speaker.
quotation,noun,a formal statement setting out the estimated cost for a particular job or service.
quotational,,"something that is quoted; a passage quoted from a book, speech, etc.: a speech full of quotations from Lincoln's letters. the act or practice of quoting. Commerce. the statement of the current or market price of a commodity or security."
quotations,noun,a group of words taken from a text or speech and repeated by someone other than the original author or speaker.
quotations,noun,a formal statement setting out the estimated cost for a particular job or service.
quote,verb,repeat or copy out (words from a text or speech written or spoken by another person).
quote,verb,give someone (the estimated price of a job or service).
quoted,verb,repeat or copy out (words from a text or speech written or spoken by another person).
quoted,verb,give someone (the estimated price of a job or service).
quoter,,"quote. [kwoht] /kwoÊt/ verb (used with object), quoted, quoting. to repeat (a passage, phrase, etc.) from a book, speech, or the like, as by way of authority, illustration, etc. to repeat words from (a book, author, etc.)."
quoters,verb,repeat or copy out (words from a text or speech written or spoken by another person).
quoters,verb,give someone (the estimated price of a job or service).
quotes,verb,repeat or copy out (words from a text or speech written or spoken by another person).
quotes,verb,give someone (the estimated price of a job or service).
quoth,verb,said (used only in first and third person singular before the subject).
quotidian,adjective,of or occurring every day; daily.
quoting,verb,repeat or copy out (words from a text or speech written or spoken by another person).
quoting,verb,give someone (the estimated price of a job or service).
qursh,noun,"a monetary unit of Saudi Arabia, equal to one twentieth of a rial."
